,id,description,latitude,longitude,stationDataOriginList
0,1,INTA - La Viña,-25.4723965124,-65.567772429,[]
1,2,UCASAL - El Tipal,-24.7657954885,-65.4755009893,[]
2,3,UCASAL - Fac. Ingeniería,-24.7404422829,-65.3917714195,"[{'id': 26, 'externalStationId': 'ISALTA11', 'dimension': {'id': 3, 'description': 'lluvia', 'preferredUnit': {'id': 3, 'alias': 'mm', 'description': 'milimetro'}}, 'dataOrigin': {'id': 2, 'description': 'WeatherUnderground'}, 'defaultUnit': {'id': 4, 'alias': 'in', 'description': 'pulgada'}}]"
3,4,UCASAL - Colegio Belgrano,-24.7810795278,-65.409907539,"[{'id': 24, 'externalStationId': 'ISALTA7', 'dimension': {'id': 3, 'description': 'lluvia', 'preferredUnit': {'id': 3, 'alias': 'mm', 'description': 'milimetro'}}, 'dataOrigin': {'id': 2, 'description': 'WeatherUnderground'}, 'defaultUnit': {'id': 4, 'alias': 'in', 'description': 'pulgada'}}]"
4,5,UCASAL - La Caldera,-24.61,-65.39,"[{'id': 25, 'externalStationId': 'ILACAL8', 'dimension': {'id': 3, 'description': 'lluvia', 'preferredUnit': {'id': 3, 'alias': 'mm', 'description': 'milimetro'}}, 'dataOrigin': {'id': 2, 'description': 'WeatherUnderground'}, 'defaultUnit': {'id': 4, 'alias': 'in', 'description': 'pulgada'}}]"
5,6,AES - Cabra Corral,-25.2700277778,-65.3339166667,"[{'id': 67, 'externalStationId': 'CabraCorral', 'dimension': {'id': 3, 'description': 'lluvia', 'preferredUnit': {'id': 3, 'alias': 'mm', 'description': 'milimetro'}}, 'dataOrigin': {'id': 1, 'description': 'AES'}, 'defaultUnit': {'id': 3, 'alias': 'mm', 'description': 'milimetro'}}]"
6,7,AES - La Viña,-25.4646389836,-65.5641075318,[]
7,8,AES - El Carril,-25.0730600581,-65.5004368533,"[{'id': 104, 'externalStationId': 'Carril', 'dimension': {'id': 3, 'description': 'lluvia', 'preferredUnit': {'id': 3, 'alias': 'mm', 'description': 'milimetro'}}, 'dataOrigin': {'id': 1, 'description': 'AES'}, 'defaultUnit': {'id': 3, 'alias': 'mm', 'description': 'milimetro'}}]"
8,9,AES - Cnel Moldes,-25.2811344002,-65.4789176706,[]
9,10,AES - Metán,-25.5084829401,-64.9807806494,"[{'id': 105, 'externalStationId': 'Metan', 'dimension': {'id': 3, 'description': 'lluvia', 'preferredUnit': {'id': 3, 'alias': 'mm', 'description': 'milimetro'}}, 'dataOrigin': {'id': 1, 'description': 'AES'}, 'defaultUnit': {'id': 3, 'alias': 'mm', 'description': 'milimetro'}}]"
10,11,AES - Termoandes,-24.7432383402,-65.0521912365,"[{'id': 28, 'externalStationId': 'Termoandes', 'dimension': {'id': 3, 'description': 'lluvia', 'preferredUnit': {'id': 3, 'alias': 'mm', 'description': 'milimetro'}}, 'dataOrigin': {'id': 1, 'description': 'AES'}, 'defaultUnit': {'id': 3, 'alias': 'mm', 'description': 'milimetro'}}]"
11,12,AES - La Punilla,-26.012,-65.8229722222,"[{'id': 9, 'externalStationId': 'Punilla', 'dimension': {'id': 3, 'description': 'lluvia', 'preferredUnit': {'id': 3, 'alias': 'mm', 'description': 'milimetro'}}, 'dataOrigin': {'id': 1, 'description': 'AES'}, 'defaultUnit': None}]"
12,13,AES - Campo Quijano,-24.9006666667,-65.6621666667,"[{'id': 3, 'externalStationId': 'CampoQuijano', 'dimension': {'id': 3, 'description': 'lluvia', 'preferredUnit': {'id': 3, 'alias': 'mm', 'description': 'milimetro'}}, 'dataOrigin': {'id': 1, 'description': 'AES'}, 'defaultUnit': None}]"
13,14,SMN-Aeropuerto Salta,-24.844154066,-65.4765851694,[]
14,15,AES - Miraflores,-25.3121666667,-64.8550277778,"[{'id': 5, 'externalStationId': 'Miraflores', 'dimension': {'id': 3, 'description': 'lluvia', 'preferredUnit': {'id': 3, 'alias': 'mm', 'description': 'milimetro'}}, 'dataOrigin': {'id': 1, 'description': 'AES'}, 'defaultUnit': None}]"
15,17,AES - El Tunal,-25.2265,-64.4760555556,[]
16,18,Weather Underground - Sala Guanaco,-25.45,-64.78,"[{'id': 17, 'externalStationId': 'IMETND1', 'dimension': {'id': 3, 'description': 'lluvia', 'preferredUnit': {'id': 3, 'alias': 'mm', 'description': 'milimetro'}}, 'dataOrigin': {'id': 2, 'description': 'WeatherUnderground'}, 'defaultUnit': {'id': 4, 'alias': 'in', 'description': 'pulgada'}}]"
17,19,Weather Underground - Campo Quijano,-24.91,-65.64,"[{'id': 15, 'externalStationId': 'IROSARIO12', 'dimension': {'id': 3, 'description': 'lluvia', 'preferredUnit': {'id': 3, 'alias': 'mm', 'description': 'milimetro'}}, 'dataOrigin': {'id': 2, 'description': 'WeatherUnderground'}, 'defaultUnit': {'id': 4, 'alias': 'in', 'description': 'pulgada'}}]"
18,20,Weather Underground - La Isla,-24.89,-65.4,"[{'id': 16, 'externalStationId': 'ISALTACE3', 'dimension': {'id': 3, 'description': 'lluvia', 'preferredUnit': {'id': 3, 'alias': 'mm', 'description': 'milimetro'}}, 'dataOrigin': {'id': 2, 'description': 'WeatherUnderground'}, 'defaultUnit': {'id': 4, 'alias': 'in', 'description': 'pulgada'}}]"
19,21,Weather Underground - Cerro San Bernardo,-24.78,-65.4,"[{'id': 18, 'externalStationId': 'ISALTA10', 'dimension': {'id': 3, 'description': 'lluvia', 'preferredUnit': {'id': 3, 'alias': 'mm', 'description': 'milimetro'}}, 'dataOrigin': {'id': 2, 'description': 'WeatherUnderground'}, 'defaultUnit': {'id': 4, 'alias': 'in', 'description': 'pulgada'}}]"
20,23,Weather Underground - R. de la Frontera,-25.8,-64.95,"[{'id': 20, 'externalStationId': 'IROSARIO32', 'dimension': {'id': 3, 'description': 'lluvia', 'preferredUnit': {'id': 3, 'alias': 'mm', 'description': 'milimetro'}}, 'dataOrigin': {'id': 2, 'description': 'WeatherUnderground'}, 'defaultUnit': {'id': 4, 'alias': 'in', 'description': 'pulgada'}}]"
21,24,Weather Underground - Santa Rosa de Chuschuyoc,-23.74,-65.47,"[{'id': 21, 'externalStationId': 'ITUMBA11', 'dimension': {'id': 3, 'description': 'lluvia', 'preferredUnit': {'id': 3, 'alias': 'mm', 'description': 'milimetro'}}, 'dataOrigin': {'id': 2, 'description': 'WeatherUnderground'}, 'defaultUnit': {'id': 4, 'alias': 'in', 'description': 'pulgada'}}]"
22,25,Weather Underground - Sargento Moya,-27.23,-65.66,"[{'id': 22, 'externalStationId': 'IMONTE19', 'dimension': {'id': 3, 'description': 'lluvia', 'preferredUnit': {'id': 3, 'alias': 'mm', 'description': 'milimetro'}}, 'dataOrigin': {'id': 2, 'description': 'WeatherUnderground'}, 'defaultUnit': {'id': 4, 'alias': 'in', 'description': 'pulgada'}}]"
23,26,Weather Underground - Daza Chaquiago,-27.55,-66.33,"[{'id': 23, 'externalStationId': 'IANDAL3', 'dimension': {'id': 3, 'description': 'lluvia', 'preferredUnit': {'id': 3, 'alias': 'mm', 'description': 'milimetro'}}, 'dataOrigin': {'id': 2, 'description': 'WeatherUnderground'}, 'defaultUnit': {'id': 4, 'alias': 'in', 'description': 'pulgada'}}]"
24,28,AES - Alemanía,-25.6235940086,-65.614427294,"[{'id': 48, 'externalStationId': 'Alemania', 'dimension': {'id': 1, 'description': 'nivel', 'preferredUnit': {'id': 2, 'alias': 'm', 'description': 'metro'}}, 'dataOrigin': {'id': 1, 'description': 'AES'}, 'defaultUnit': None}, {'id': 83, 'externalStationId': '', 'dimension': {'id': 2, 'description': 'caudal', 'preferredUnit': {'id': 5, 'alias': 'm3/sec', 'description': 'm3/sec'}}, 'dataOrigin': {'id': 7, 'description': 'HQ_model'}, 'defaultUnit': {'id': 5, 'alias': 'm3/sec', 'description': 'm3/sec'}}]"
25,29,INTA - Seclantás,-25.33,-66.25,"[{'id': 29, 'externalStationId': '352', 'dimension': {'id': 3, 'description': 'lluvia', 'preferredUnit': {'id': 3, 'alias': 'mm', 'description': 'milimetro'}}, 'dataOrigin': {'id': 3, 'description': 'INTA'}, 'defaultUnit': {'id': 3, 'alias': 'mm', 'description': 'milimetro'}}]"
26,30,AES - Arenales,-24.8421690677,-65.3746297723,[]
27,31,AES - Rosario,-25.0396741465,-65.4960715474,[]
28,32,AES - Campo Quijano,-24.8994205873,-65.664119313,"[{'id': 76, 'externalStationId': 'CampoQuijano', 'dimension': {'id': 1, 'description': 'nivel', 'preferredUnit': {'id': 2, 'alias': 'm', 'description': 'metro'}}, 'dataOrigin': {'id': 1, 'description': 'AES'}, 'defaultUnit': None}]"
29,33,AES - Alemania,-25.6235023877,-65.6146007827,"[{'id': 49, 'externalStationId': 'Alemania', 'dimension': {'id': 3, 'description': 'lluvia', 'preferredUnit': {'id': 3, 'alias': 'mm', 'description': 'milimetro'}}, 'dataOrigin': {'id': 1, 'description': 'AES'}, 'defaultUnit': None}]"
30,34,AES - PB,-25.2958435193,-65.2911257226,"[{'id': 12, 'externalStationId': 'PenasBlancas', 'dimension': {'id': 1, 'description': 'nivel', 'preferredUnit': {'id': 2, 'alias': 'm', 'description': 'metro'}}, 'dataOrigin': {'id': 1, 'description': 'AES'}, 'defaultUnit': {'id': 2, 'alias': 'm', 'description': 'metro'}}, {'id': 11, 'externalStationId': 'PenasBlancas', 'dimension': {'id': 2, 'description': 'caudal', 'preferredUnit': {'id': 5, 'alias': 'm3/sec', 'description': 'm3/sec'}}, 'dataOrigin': {'id': 1, 'description': 'AES'}, 'defaultUnit': {'id': 5, 'alias': 'm3/sec', 'description': 'm3/sec'}}]"
31,35,AES - Punilla,-26.01,-65.82,"[{'id': 8, 'externalStationId': 'Punilla', 'dimension': {'id': 1, 'description': 'nivel', 'preferredUnit': {'id': 2, 'alias': 'm', 'description': 'metro'}}, 'dataOrigin': {'id': 1, 'description': 'AES'}, 'defaultUnit': None}, {'id': 69, 'externalStationId': '', 'dimension': {'id': 2, 'description': 'caudal', 'preferredUnit': {'id': 5, 'alias': 'm3/sec', 'description': 'm3/sec'}}, 'dataOrigin': {'id': 7, 'description': 'HQ_model'}, 'defaultUnit': {'id': 5, 'alias': 'm3/sec', 'description': 'm3/sec'}}]"
32,37,AES - ET,-25.2287507835,-64.4771146654,"[{'id': 13, 'externalStationId': 'Tunal', 'dimension': {'id': 1, 'description': 'nivel', 'preferredUnit': {'id': 2, 'alias': 'm', 'description': 'metro'}}, 'dataOrigin': {'id': 1, 'description': 'AES'}, 'defaultUnit': {'id': 2, 'alias': 'm', 'description': 'metro'}}, {'id': 14, 'externalStationId': 'Tunal', 'dimension': {'id': 2, 'description': 'caudal', 'preferredUnit': {'id': 5, 'alias': 'm3/sec', 'description': 'm3/sec'}}, 'dataOrigin': {'id': 1, 'description': 'AES'}, 'defaultUnit': {'id': 5, 'alias': 'm3/sec', 'description': 'm3/sec'}}]"
33,38,AES - Miraflores,-25.31,-64.85,"[{'id': 4, 'externalStationId': 'Miraflores', 'dimension': {'id': 1, 'description': 'nivel', 'preferredUnit': {'id': 2, 'alias': 'm', 'description': 'metro'}}, 'dataOrigin': {'id': 1, 'description': 'AES'}, 'defaultUnit': None}, {'id': 71, 'externalStationId': '', 'dimension': {'id': 2, 'description': 'caudal', 'preferredUnit': {'id': 5, 'alias': 'm3/sec', 'description': 'm3/sec'}}, 'dataOrigin': {'id': 7, 'description': 'HQ_model'}, 'defaultUnit': {'id': 5, 'alias': 'm3/sec', 'description': 'm3/sec'}}]"
34,39,AES - CC,-25.27,-65.33,"[{'id': 10, 'externalStationId': 'CabraCorral', 'dimension': {'id': 1, 'description': 'nivel', 'preferredUnit': {'id': 2, 'alias': 'm', 'description': 'metro'}}, 'dataOrigin': {'id': 1, 'description': 'AES'}, 'defaultUnit': {'id': 2, 'alias': 'm', 'description': 'metro'}}]"
35,40,Weather Underground - Daza Copo Quile,-26.01,-64.69,"[{'id': 27, 'externalStationId': 'IROSAR45', 'dimension': {'id': 3, 'description': 'lluvia', 'preferredUnit': {'id': 3, 'alias': 'mm', 'description': 'milimetro'}}, 'dataOrigin': {'id': 2, 'description': 'WeatherUnderground'}, 'defaultUnit': {'id': 4, 'alias': 'in', 'description': 'pulgada'}}]"
36,41,INTA - Hornillos,-23.66,-65.43,"[{'id': 30, 'externalStationId': '488', 'dimension': {'id': 3, 'description': 'lluvia', 'preferredUnit': {'id': 3, 'alias': 'mm', 'description': 'milimetro'}}, 'dataOrigin': {'id': 3, 'description': 'INTA'}, 'defaultUnit': {'id': 3, 'alias': 'mm', 'description': 'milimetro'}}]"
37,42,INTA - Palma Sola,-23.98,-64.3,"[{'id': 31, 'externalStationId': '395', 'dimension': {'id': 3, 'description': 'lluvia', 'preferredUnit': {'id': 3, 'alias': 'mm', 'description': 'milimetro'}}, 'dataOrigin': {'id': 3, 'description': 'INTA'}, 'defaultUnit': {'id': 3, 'alias': 'mm', 'description': 'milimetro'}}]"
38,43,INTA - El Potrero,-23.47,-64.38,"[{'id': 32, 'externalStationId': '415', 'dimension': {'id': 3, 'description': 'lluvia', 'preferredUnit': {'id': 3, 'alias': 'mm', 'description': 'milimetro'}}, 'dataOrigin': {'id': 3, 'description': 'INTA'}, 'defaultUnit': {'id': 3, 'alias': 'mm', 'description': 'milimetro'}}]"
39,44,INTA - Andalgala,-27.61,-66.33,"[{'id': 33, 'externalStationId': '393', 'dimension': {'id': 3, 'description': 'lluvia', 'preferredUnit': {'id': 3, 'alias': 'mm', 'description': 'milimetro'}}, 'dataOrigin': {'id': 3, 'description': 'INTA'}, 'defaultUnit': {'id': 3, 'alias': 'mm', 'description': 'milimetro'}}]"
40,45,INTA - Famailla,-27.02,-65.38,"[{'id': 34, 'externalStationId': '348', 'dimension': {'id': 3, 'description': 'lluvia', 'preferredUnit': {'id': 3, 'alias': 'mm', 'description': 'milimetro'}}, 'dataOrigin': {'id': 3, 'description': 'INTA'}, 'defaultUnit': {'id': 3, 'alias': 'mm', 'description': 'milimetro'}}]"
41,46,INTA - Abra Pampa,-22.8,-65.83,"[{'id': 35, 'externalStationId': '516', 'dimension': {'id': 3, 'description': 'lluvia', 'preferredUnit': {'id': 3, 'alias': 'mm', 'description': 'milimetro'}}, 'dataOrigin': {'id': 3, 'description': 'INTA'}, 'defaultUnit': {'id': 3, 'alias': 'mm', 'description': 'milimetro'}}]"
42,16,AES - Medina,-25.3858,-64.5927,"[{'id': 7, 'externalStationId': 'Medina', 'dimension': {'id': 3, 'description': 'lluvia', 'preferredUnit': {'id': 3, 'alias': 'mm', 'description': 'milimetro'}}, 'dataOrigin': {'id': 1, 'description': 'AES'}, 'defaultUnit': None}]"
43,36,AES - Medina,-25.3859,-64.5922,"[{'id': 6, 'externalStationId': 'Medina', 'dimension': {'id': 1, 'description': 'nivel', 'preferredUnit': {'id': 2, 'alias': 'm', 'description': 'metro'}}, 'dataOrigin': {'id': 1, 'description': 'AES'}, 'defaultUnit': None}, {'id': 70, 'externalStationId': '', 'dimension': {'id': 2, 'description': 'caudal', 'preferredUnit': {'id': 5, 'alias': 'm3/sec', 'description': 'm3/sec'}}, 'dataOrigin': {'id': 7, 'description': 'HQ_model'}, 'defaultUnit': {'id': 5, 'alias': 'm3/sec', 'description': 'm3/sec'}}]"
44,48,Weather Underground - Dante Alighieri UCASAL MATTEO,-24.79,-65.42,"[{'id': 36, 'externalStationId': 'ISALTA13', 'dimension': {'id': 3, 'description': 'lluvia', 'preferredUnit': {'id': 3, 'alias': 'mm', 'description': 'milimetro'}}, 'dataOrigin': {'id': 2, 'description': 'WeatherUnderground'}, 'defaultUnit': {'id': 4, 'alias': 'in', 'description': 'pulgada'}}]"
45,49,INTA - Parque del Bicentenario,-24.73,-65.416111,"[{'id': 37, 'externalStationId': 'ema_bicentenario', 'dimension': {'id': 3, 'description': 'lluvia', 'preferredUnit': {'id': 3, 'alias': 'mm', 'description': 'milimetro'}}, 'dataOrigin': {'id': 5, 'description': 'INTA_Anterior'}, 'defaultUnit': {'id': 3, 'alias': 'mm', 'description': 'milimetro'}}]"
46,50,INTA - Olleros,-25.1163889,-64.225277,"[{'id': 38, 'externalStationId': 'ema_olleros', 'dimension': {'id': 3, 'description': 'lluvia', 'preferredUnit': {'id': 3, 'alias': 'mm', 'description': 'milimetro'}}, 'dataOrigin': {'id': 5, 'description': 'INTA_Anterior'}, 'defaultUnit': {'id': 3, 'alias': 'mm', 'description': 'milimetro'}}]"
47,51,INTA - El Brete - SPMF,-24.2372222,-65.183333,"[{'id': 39, 'externalStationId': 'ema_spmf', 'dimension': {'id': 3, 'description': 'lluvia', 'preferredUnit': {'id': 3, 'alias': 'mm', 'description': 'milimetro'}}, 'dataOrigin': {'id': 5, 'description': 'INTA_Anterior'}, 'defaultUnit': {'id': 3, 'alias': 'mm', 'description': 'milimetro'}}]"
48,52,INTA - La Viña,-25.4725,-65.567777,"[{'id': 40, 'externalStationId': 'ema_lavina', 'dimension': {'id': 3, 'description': 'lluvia', 'preferredUnit': {'id': 3, 'alias': 'mm', 'description': 'milimetro'}}, 'dataOrigin': {'id': 5, 'description': 'INTA_Anterior'}, 'defaultUnit': {'id': 3, 'alias': 'mm', 'description': 'milimetro'}}]"
49,53,INTA - DESDELSUR,-22.5313889,-63.515555,"[{'id': 41, 'externalStationId': 'ema_desdeelsur', 'dimension': {'id': 3, 'description': 'lluvia', 'preferredUnit': {'id': 3, 'alias': 'mm', 'description': 'milimetro'}}, 'dataOrigin': {'id': 5, 'description': 'INTA_Anterior'}, 'defaultUnit': {'id': 3, 'alias': 'mm', 'description': 'milimetro'}}]"
50,54,INTA - Yatasto,-25.6019444,-64.968888,"[{'id': 42, 'externalStationId': 'ema_yatasto', 'dimension': {'id': 3, 'description': 'lluvia', 'preferredUnit': {'id': 3, 'alias': 'mm', 'description': 'milimetro'}}, 'dataOrigin': {'id': 5, 'description': 'INTA_Anterior'}, 'defaultUnit': {'id': 3, 'alias': 'mm', 'description': 'milimetro'}}]"
51,55,INTA - Cerrillos,-24.8941667,-65.470833,"[{'id': 43, 'externalStationId': 'ema_cerrillos', 'dimension': {'id': 3, 'description': 'lluvia', 'preferredUnit': {'id': 3, 'alias': 'mm', 'description': 'milimetro'}}, 'dataOrigin': {'id': 5, 'description': 'INTA_Anterior'}, 'defaultUnit': {'id': 3, 'alias': 'mm', 'description': 'milimetro'}}]"
52,56,INTA - Escuela de Educación Técnica Nro. 3167,-24.7438889,-64.249444,"[{'id': 44, 'externalStationId': 'ema_esca3167', 'dimension': {'id': 3, 'description': 'lluvia', 'preferredUnit': {'id': 3, 'alias': 'mm', 'description': 'milimetro'}}, 'dataOrigin': {'id': 5, 'description': 'INTA_Anterior'}, 'defaultUnit': {'id': 3, 'alias': 'mm', 'description': 'milimetro'}}]"
53,57,INTA - El Galpón,-25.3797222,-64.638888,"[{'id': 45, 'externalStationId': 'ema_elgalpon', 'dimension': {'id': 3, 'description': 'lluvia', 'preferredUnit': {'id': 3, 'alias': 'mm', 'description': 'milimetro'}}, 'dataOrigin': {'id': 5, 'description': 'INTA_Anterior'}, 'defaultUnit': {'id': 3, 'alias': 'mm', 'description': 'milimetro'}}]"
54,58,INTA - UC6-CDA Rosario de Lerma,-24.9880556,-65.585833,"[{'id': 46, 'externalStationId': 'ema_rlerma', 'dimension': {'id': 3, 'description': 'lluvia', 'preferredUnit': {'id': 3, 'alias': 'mm', 'description': 'milimetro'}}, 'dataOrigin': {'id': 5, 'description': 'INTA_Anterior'}, 'defaultUnit': {'id': 3, 'alias': 'mm', 'description': 'milimetro'}}]"
55,59,INTA - Bodegas Etchart,-26.1,-65.973888,"[{'id': 47, 'externalStationId': 'ema_etchart', 'dimension': {'id': 3, 'description': 'lluvia', 'preferredUnit': {'id': 3, 'alias': 'mm', 'description': 'milimetro'}}, 'dataOrigin': {'id': 5, 'description': 'INTA_Anterior'}, 'defaultUnit': {'id': 3, 'alias': 'mm', 'description': 'milimetro'}}]"
56,60,Weather Underground - Escuela S Agustín UCASAL MATTEO,-26.092266,-66.012908,"[{'id': 50, 'externalStationId': 'ICAFAY1', 'dimension': {'id': 3, 'description': 'lluvia', 'preferredUnit': {'id': 3, 'alias': 'mm', 'description': 'milimetro'}}, 'dataOrigin': {'id': 2, 'description': 'WeatherUnderground'}, 'defaultUnit': {'id': 4, 'alias': 'in', 'description': 'pulgada'}}]"
57,61,SNIH - Güemes,-24.687527,-65.043638,"[{'id': 51, 'externalStationId': '10687', 'dimension': {'id': 3, 'description': 'lluvia', 'preferredUnit': {'id': 3, 'alias': 'mm', 'description': 'milimetro'}}, 'dataOrigin': {'id': 6, 'description': 'SNIH'}, 'defaultUnit': {'id': 3, 'alias': 'mm', 'description': 'milimetro'}}, {'id': 52, 'externalStationId': '10687', 'dimension': {'id': 1, 'description': 'nivel', 'preferredUnit': {'id': 2, 'alias': 'm', 'description': 'metro'}}, 'dataOrigin': {'id': 6, 'description': 'SNIH'}, 'defaultUnit': {'id': 2, 'alias': 'm', 'description': 'metro'}}]"
58,62,SNIH - Fraile Pintado - RN 34,-23.909444,-64.808055,"[{'id': 53, 'externalStationId': '10036', 'dimension': {'id': 1, 'description': 'nivel', 'preferredUnit': {'id': 2, 'alias': 'm', 'description': 'metro'}}, 'dataOrigin': {'id': 6, 'description': 'SNIH'}, 'defaultUnit': {'id': 2, 'alias': 'm', 'description': 'metro'}}]"
59,63,SNIH - Cachi,-25.120525,-66.159161,"[{'id': 54, 'externalStationId': '10646', 'dimension': {'id': 1, 'description': 'nivel', 'preferredUnit': {'id': 2, 'alias': 'm', 'description': 'metro'}}, 'dataOrigin': {'id': 6, 'description': 'SNIH'}, 'defaultUnit': {'id': 2, 'alias': 'm', 'description': 'metro'}}]"
60,64,SNIH - El Encon,-24.842305,-65.59325,"[{'id': 55, 'externalStationId': '10701', 'dimension': {'id': 1, 'description': 'nivel', 'preferredUnit': {'id': 2, 'alias': 'm', 'description': 'metro'}}, 'dataOrigin': {'id': 6, 'description': 'SNIH'}, 'defaultUnit': {'id': 2, 'alias': 'm', 'description': 'metro'}}]"
61,65,SNIH - La Maroma,-25.153888,-65.42,"[{'id': 56, 'externalStationId': '10706', 'dimension': {'id': 1, 'description': 'nivel', 'preferredUnit': {'id': 2, 'alias': 'm', 'description': 'metro'}}, 'dataOrigin': {'id': 6, 'description': 'SNIH'}, 'defaultUnit': {'id': 2, 'alias': 'm', 'description': 'metro'}}, {'id': 72, 'externalStationId': '', 'dimension': {'id': 2, 'description': 'caudal', 'preferredUnit': {'id': 5, 'alias': 'm3/sec', 'description': 'm3/sec'}}, 'dataOrigin': {'id': 7, 'description': 'HQ_model'}, 'defaultUnit': {'id': 5, 'alias': 'm3/sec', 'description': 'm3/sec'}}]"
62,66,SNIH - Cabra Corral,-25.271944,-65.329722,"[{'id': 57, 'externalStationId': '10622', 'dimension': {'id': 1, 'description': 'nivel', 'preferredUnit': {'id': 2, 'alias': 'm', 'description': 'metro'}}, 'dataOrigin': {'id': 6, 'description': 'SNIH'}, 'defaultUnit': {'id': 2, 'alias': 'm', 'description': 'metro'}}]"
63,67,SNIH - Metán - Desembocadura,-25.393333,-64.592222,"[{'id': 58, 'externalStationId': '10705', 'dimension': {'id': 1, 'description': 'nivel', 'preferredUnit': {'id': 2, 'alias': 'm', 'description': 'metro'}}, 'dataOrigin': {'id': 6, 'description': 'SNIH'}, 'defaultUnit': {'id': 2, 'alias': 'm', 'description': 'metro'}}, {'id': 73, 'externalStationId': '', 'dimension': {'id': 2, 'description': 'caudal', 'preferredUnit': {'id': 5, 'alias': 'm3/sec', 'description': 'm3/sec'}}, 'dataOrigin': {'id': 7, 'description': 'HQ_model'}, 'defaultUnit': {'id': 5, 'alias': 'm3/sec', 'description': 'm3/sec'}}]"
64,68,SNIH - El Tunal,-25.226666,-64.476944,"[{'id': 59, 'externalStationId': '10626', 'dimension': {'id': 1, 'description': 'nivel', 'preferredUnit': {'id': 2, 'alias': 'm', 'description': 'metro'}}, 'dataOrigin': {'id': 6, 'description': 'SNIH'}, 'defaultUnit': {'id': 2, 'alias': 'm', 'description': 'metro'}}, {'id': 75, 'externalStationId': '', 'dimension': {'id': 2, 'description': 'caudal', 'preferredUnit': {'id': 5, 'alias': 'm3/sec', 'description': 'm3/sec'}}, 'dataOrigin': {'id': 7, 'description': 'HQ_model'}, 'defaultUnit': {'id': 5, 'alias': 'm3/sec', 'description': 'm3/sec'}}]"
65,69,SNIH - Canal Finca Agropecuaria I,-25.160811,-64.106011,"[{'id': 60, 'externalStationId': '10684', 'dimension': {'id': 1, 'description': 'nivel', 'preferredUnit': {'id': 2, 'alias': 'm', 'description': 'metro'}}, 'dataOrigin': {'id': 6, 'description': 'SNIH'}, 'defaultUnit': {'id': 2, 'alias': 'm', 'description': 'metro'}}]"
66,70,SNIH - Finca Agropecuaria,-25.161388,-64.106166,"[{'id': 61, 'externalStationId': '10686', 'dimension': {'id': 1, 'description': 'nivel', 'preferredUnit': {'id': 2, 'alias': 'm', 'description': 'metro'}}, 'dataOrigin': {'id': 6, 'description': 'SNIH'}, 'defaultUnit': {'id': 2, 'alias': 'm', 'description': 'metro'}}]"
67,71,SNIH - Juramento - El Quebrachal,-25.343888,-64.045555,"[{'id': 62, 'externalStationId': '10695', 'dimension': {'id': 1, 'description': 'nivel', 'preferredUnit': {'id': 2, 'alias': 'm', 'description': 'metro'}}, 'dataOrigin': {'id': 6, 'description': 'SNIH'}, 'defaultUnit': {'id': 2, 'alias': 'm', 'description': 'metro'}}]"
68,72,SNIH - Canal Liag - El Quebrachal,-25.360688,-64.022402,"[{'id': 63, 'externalStationId': '10696', 'dimension': {'id': 1, 'description': 'nivel', 'preferredUnit': {'id': 2, 'alias': 'm', 'description': 'metro'}}, 'dataOrigin': {'id': 6, 'description': 'SNIH'}, 'defaultUnit': {'id': 2, 'alias': 'm', 'description': 'metro'}}]"
69,73,SNIH - Canal Macapillo,-25.41348,-63.976155,"[{'id': 64, 'externalStationId': '10699', 'dimension': {'id': 1, 'description': 'nivel', 'preferredUnit': {'id': 2, 'alias': 'm', 'description': 'metro'}}, 'dataOrigin': {'id': 6, 'description': 'SNIH'}, 'defaultUnit': {'id': 2, 'alias': 'm', 'description': 'metro'}}]"
70,74,SNIH - Canal de Dios,-25.610777,-63.948058,"[{'id': 65, 'externalStationId': '10815', 'dimension': {'id': 1, 'description': 'nivel', 'preferredUnit': {'id': 2, 'alias': 'm', 'description': 'metro'}}, 'dataOrigin': {'id': 6, 'description': 'SNIH'}, 'defaultUnit': {'id': 2, 'alias': 'm', 'description': 'metro'}}]"
71,75,SNIH - La Punilla,-26.011919,-65.823113,"[{'id': 66, 'externalStationId': '10611', 'dimension': {'id': 1, 'description': 'nivel', 'preferredUnit': {'id': 2, 'alias': 'm', 'description': 'metro'}}, 'dataOrigin': {'id': 6, 'description': 'SNIH'}, 'defaultUnit': {'id': 2, 'alias': 'm', 'description': 'metro'}}, {'id': 74, 'externalStationId': '', 'dimension': {'id': 2, 'description': 'caudal', 'preferredUnit': {'id': 5, 'alias': 'm3/sec', 'description': 'm3/sec'}}, 'dataOrigin': {'id': 7, 'description': 'HQ_model'}, 'defaultUnit': {'id': 5, 'alias': 'm3/sec', 'description': 'm3/sec'}}]"
72,76,AES - El Tunal,-25.22,-64.47,"[{'id': 68, 'externalStationId': 'Tunal', 'dimension': {'id': 3, 'description': 'lluvia', 'preferredUnit': {'id': 3, 'alias': 'mm', 'description': 'milimetro'}}, 'dataOrigin': {'id': 1, 'description': 'AES'}, 'defaultUnit': {'id': 3, 'alias': 'mm', 'description': 'milimetro'}}]"
73,77,Weather Underground - Seclantas,-25.32,-66.24,"[{'id': 77, 'externalStationId': 'IMOLIN34', 'dimension': {'id': 3, 'description': 'lluvia', 'preferredUnit': {'id': 3, 'alias': 'mm', 'description': 'milimetro'}}, 'dataOrigin': {'id': 2, 'description': 'WeatherUnderground'}, 'defaultUnit': {'id': 4, 'alias': 'in', 'description': 'pulgada'}}]"
74,79,Weather Underground - San Jose UCASAL MATTEO,-24.73,-65.4,"[{'id': 79, 'externalStationId': 'ISALTA14', 'dimension': {'id': 3, 'description': 'lluvia', 'preferredUnit': {'id': 3, 'alias': 'mm', 'description': 'milimetro'}}, 'dataOrigin': {'id': 2, 'description': 'WeatherUnderground'}, 'defaultUnit': {'id': 4, 'alias': 'in', 'description': 'pulgada'}}]"
75,80,Weather Underground - CruzDelSur,-24.78,-65.42,"[{'id': 80, 'externalStationId': 'ISALTA30', 'dimension': {'id': 3, 'description': 'lluvia', 'preferredUnit': {'id': 3, 'alias': 'mm', 'description': 'milimetro'}}, 'dataOrigin': {'id': 2, 'description': 'WeatherUnderground'}, 'defaultUnit': {'id': 4, 'alias': 'in', 'description': 'pulgada'}}]"
76,22,Weather Underground - San Lorenzo,-24.74,-65.5,"[{'id': 19, 'externalStationId': 'ISALTA17', 'dimension': {'id': 3, 'description': 'lluvia', 'preferredUnit': {'id': 3, 'alias': 'mm', 'description': 'milimetro'}}, 'dataOrigin': {'id': 2, 'description': 'WeatherUnderground'}, 'defaultUnit': {'id': 4, 'alias': 'in', 'description': 'pulgada'}}]"
77,81,Weather Underground - Estacion San Lorenzo,-24.73,-65.48,"[{'id': 81, 'externalStationId': 'ISALTA34', 'dimension': {'id': 3, 'description': 'lluvia', 'preferredUnit': {'id': 3, 'alias': 'mm', 'description': 'milimetro'}}, 'dataOrigin': {'id': 2, 'description': 'WeatherUnderground'}, 'defaultUnit': {'id': 4, 'alias': 'in', 'description': 'pulgada'}}]"
78,82,AES - Escuela Moldes,-25.27,-65.47,"[{'id': 82, 'externalStationId': 'EscuelaMoldes', 'dimension': {'id': 3, 'description': 'lluvia', 'preferredUnit': {'id': 3, 'alias': 'mm', 'description': 'milimetro'}}, 'dataOrigin': {'id': 1, 'description': 'AES'}, 'defaultUnit': {'id': 3, 'alias': 'mm', 'description': 'milimetro'}}]"
79,83,Weather Underground - Infomet,-24.73,-65.42,"[{'id': 84, 'externalStationId': 'ISALTA31', 'dimension': {'id': 3, 'description': 'lluvia', 'preferredUnit': {'id': 3, 'alias': 'mm', 'description': 'milimetro'}}, 'dataOrigin': {'id': 2, 'description': 'WeatherUnderground'}, 'defaultUnit': {'id': 4, 'alias': 'in', 'description': 'pulgada'}}]"
80,85,Weatherlink - Escuela Coronel Moldes,-25.2809,-65.479,"[{'id': 86, 'externalStationId': '351e2b80-75a7-419d-a081-d8ab6ddd3051', 'dimension': {'id': 3, 'description': 'lluvia', 'preferredUnit': {'id': 3, 'alias': 'mm', 'description': 'milimetro'}}, 'dataOrigin': {'id': 8, 'description': 'Weatherlink'}, 'defaultUnit': {'id': 4, 'alias': 'in', 'description': 'pulgada'}}]"
81,87,Weatherlink - EMA Sur - Pampa Energía CTG,-24.6885,-65.0439,"[{'id': 88, 'externalStationId': '70d018b1-cfae-4ca6-b9b2-598bcd796cb3', 'dimension': {'id': 3, 'description': 'lluvia', 'preferredUnit': {'id': 3, 'alias': 'mm', 'description': 'milimetro'}}, 'dataOrigin': {'id': 8, 'description': 'Weatherlink'}, 'defaultUnit': {'id': 4, 'alias': 'in', 'description': 'pulgada'}}]"
82,84,Weatherlink - ERA 01 - Las Tolas,-24.8853,-66.7572,"[{'id': 85, 'externalStationId': 'bd59bd4c-cbec-40e1-a2d4-36f5feea3475', 'dimension': {'id': 3, 'description': 'lluvia', 'preferredUnit': {'id': 3, 'alias': 'mm', 'description': 'milimetro'}}, 'dataOrigin': {'id': 8, 'description': 'Weatherlink'}, 'defaultUnit': {'id': 4, 'alias': 'in', 'description': 'pulgada'}}]"
83,86,Weatherlink - EMA Norte - Pampa Energía CTG,-22.2036,-63.6667,"[{'id': 87, 'externalStationId': 'a9e1a996-c5ea-4ae1-a582-b46c64403c99', 'dimension': {'id': 3, 'description': 'lluvia', 'preferredUnit': {'id': 3, 'alias': 'mm', 'description': 'milimetro'}}, 'dataOrigin': {'id': 8, 'description': 'Weatherlink'}, 'defaultUnit': {'id': 4, 'alias': 'in', 'description': 'pulgada'}}]"
84,88,Weatherlink - EMA Nitratos Austin,-25.35,-64.4472,"[{'id': 89, 'externalStationId': 'f0805dcb-4b23-4e81-9a73-5e31c5e212dc', 'dimension': {'id': 3, 'description': 'lluvia', 'preferredUnit': {'id': 3, 'alias': 'mm', 'description': 'milimetro'}}, 'dataOrigin': {'id': 8, 'description': 'Weatherlink'}, 'defaultUnit': {'id': 4, 'alias': 'in', 'description': 'pulgada'}}]"
85,89,INTA - Sta Victoria O -EEA Abra Pampa,-22.25,-64.96,"[{'id': 90, 'externalStationId': '494', 'dimension': {'id': 3, 'description': 'lluvia', 'preferredUnit': {'id': 3, 'alias': 'mm', 'description': 'milimetro'}}, 'dataOrigin': {'id': 3, 'description': 'INTA'}, 'defaultUnit': {'id': 3, 'alias': 'mm', 'description': 'milimetro'}}]"
86,90,INTA - Santa Victoria Este - EEA Yuto,-22.27,-62.71,"[{'id': 91, 'externalStationId': '369', 'dimension': {'id': 3, 'description': 'lluvia', 'preferredUnit': {'id': 3, 'alias': 'mm', 'description': 'milimetro'}}, 'dataOrigin': {'id': 3, 'description': 'INTA'}, 'defaultUnit': {'id': 3, 'alias': 'mm', 'description': 'milimetro'}}]"
87,91,INTA - Trancas - EEA Famaillá,-26.28,-65.27,"[{'id': 92, 'externalStationId': '507', 'dimension': {'id': 3, 'description': 'lluvia', 'preferredUnit': {'id': 3, 'alias': 'mm', 'description': 'milimetro'}}, 'dataOrigin': {'id': 3, 'description': 'INTA'}, 'defaultUnit': {'id': 3, 'alias': 'mm', 'description': 'milimetro'}}]"
88,92,INTA - Morillo - EEA Salta,-23.46,-62.89,"[{'id': 93, 'externalStationId': '414', 'dimension': {'id': 3, 'description': 'lluvia', 'preferredUnit': {'id': 3, 'alias': 'mm', 'description': 'milimetro'}}, 'dataOrigin': {'id': 3, 'description': 'INTA'}, 'defaultUnit': {'id': 3, 'alias': 'mm', 'description': 'milimetro'}}]"
89,93,INTA - Taco Ralo - EEA Famailla,-27.83,-65.05,"[{'id': 94, 'externalStationId': '692', 'dimension': {'id': 3, 'description': 'lluvia', 'preferredUnit': {'id': 3, 'alias': 'mm', 'description': 'milimetro'}}, 'dataOrigin': {'id': 3, 'description': 'INTA'}, 'defaultUnit': {'id': 3, 'alias': 'mm', 'description': 'milimetro'}}]"
90,94,INTA - Famailla (EMC),-27.05,-65.42,"[{'id': 95, 'externalStationId': '68', 'dimension': {'id': 3, 'description': 'lluvia', 'preferredUnit': {'id': 3, 'alias': 'mm', 'description': 'milimetro'}}, 'dataOrigin': {'id': 3, 'description': 'INTA'}, 'defaultUnit': {'id': 3, 'alias': 'mm', 'description': 'milimetro'}}]"
91,95,INTA - Monte Quemado - EEA E Santiago,-25.86,-62.71,"[{'id': 96, 'externalStationId': '496', 'dimension': {'id': 3, 'description': 'lluvia', 'preferredUnit': {'id': 3, 'alias': 'mm', 'description': 'milimetro'}}, 'dataOrigin': {'id': 3, 'description': 'INTA'}, 'defaultUnit': {'id': 3, 'alias': 'mm', 'description': 'milimetro'}}]"
92,96,Weatherlink - Metan,-25.506801,-64.981216,"[{'id': 97, 'externalStationId': '9c4e35eb-9121-4c27-acac-f0901d51c5db', 'dimension': {'id': 3, 'description': 'lluvia', 'preferredUnit': {'id': 3, 'alias': 'mm', 'description': 'milimetro'}}, 'dataOrigin': {'id': 8, 'description': 'Weatherlink'}, 'defaultUnit': {'id': 4, 'alias': 'in', 'description': 'pulgada'}}]"
93,97,Weatherlink - PLR 02 Cerro,-26.236316,-65.494437,"[{'id': 98, 'externalStationId': '17d6d435-6e0f-439d-a252-a474ccaa9382', 'dimension': {'id': 3, 'description': 'lluvia', 'preferredUnit': {'id': 3, 'alias': 'mm', 'description': 'milimetro'}}, 'dataOrigin': {'id': 8, 'description': 'Weatherlink'}, 'defaultUnit': {'id': 4, 'alias': 'in', 'description': 'pulgada'}}]"
94,98,Weatherlink - Martillo Este,-26.062218,-67.407549,"[{'id': 99, 'externalStationId': '4a824103-5e7d-467d-b6bc-8434fce4c44a', 'dimension': {'id': 3, 'description': 'lluvia', 'preferredUnit': {'id': 3, 'alias': 'mm', 'description': 'milimetro'}}, 'dataOrigin': {'id': 8, 'description': 'Weatherlink'}, 'defaultUnit': {'id': 4, 'alias': 'in', 'description': 'pulgada'}}]"
95,99,Weatherlink - EMA - Esc. Agrot. Payogasta,-25.052811,-66.102293,"[{'id': 100, 'externalStationId': '6ba85f40-404a-4661-bcfe-93cbcac16031', 'dimension': {'id': 3, 'description': 'lluvia', 'preferredUnit': {'id': 3, 'alias': 'mm', 'description': 'milimetro'}}, 'dataOrigin': {'id': 8, 'description': 'Weatherlink'}, 'defaultUnit': {'id': 4, 'alias': 'in', 'description': 'pulgada'}}]"
96,100,Weather Underground - Cafayate,-26.07,-65.98,"[{'id': 101, 'externalStationId': 'ICAFAY2', 'dimension': {'id': 3, 'description': 'lluvia', 'preferredUnit': {'id': 3, 'alias': 'mm', 'description': 'milimetro'}}, 'dataOrigin': {'id': 2, 'description': 'WeatherUnderground'}, 'defaultUnit': {'id': 4, 'alias': 'in', 'description': 'pulgada'}}]"
97,101,Weather Underground - Rosario de la Frontera,-26.01,-64.69,"[{'id': 102, 'externalStationId': 'IROSAR87', 'dimension': {'id': 3, 'description': 'lluvia', 'preferredUnit': {'id': 3, 'alias': 'mm', 'description': 'milimetro'}}, 'dataOrigin': {'id': 2, 'description': 'WeatherUnderground'}, 'defaultUnit': {'id': 4, 'alias': 'in', 'description': 'pulgada'}}]"
98,102,Weather Underground - Embarcacion,-23.21,-64.03,"[{'id': 103, 'externalStationId': 'IGRLJOSD2', 'dimension': {'id': 3, 'description': 'lluvia', 'preferredUnit': {'id': 3, 'alias': 'mm', 'description': 'milimetro'}}, 'dataOrigin': {'id': 2, 'description': 'WeatherUnderground'}, 'defaultUnit': {'id': 4, 'alias': 'in', 'description': 'pulgada'}}]"
99,103,Weather Underground - San Luis UCASAL MATTEO,-24.85,-65.5,"[{'id': 106, 'externalStationId': 'ISALTA41', 'dimension': {'id': 3, 'description': 'lluvia', 'preferredUnit': {'id': 3, 'alias': 'mm', 'description': 'milimetro'}}, 'dataOrigin': {'id': 2, 'description': 'WeatherUnderground'}, 'defaultUnit': {'id': 4, 'alias': 'in', 'description': 'pulgada'}}]"
100,27,AES - Las viboras,-25.0729,-64.6461,"[{'id': 1, 'externalStationId': 'Cachi', 'dimension': {'id': 1, 'description': 'nivel', 'preferredUnit': {'id': 2, 'alias': 'm', 'description': 'metro'}}, 'dataOrigin': {'id': 1, 'description': 'AES'}, 'defaultUnit': None}]"
101,47,AES - Las viboras,-25.0729,-64.6463,"[{'id': 2, 'externalStationId': 'Cachi', 'dimension': {'id': 3, 'description': 'lluvia', 'preferredUnit': {'id': 3, 'alias': 'mm', 'description': 'milimetro'}}, 'dataOrigin': {'id': 1, 'description': 'AES'}, 'defaultUnit': None}]"
102,104,AES (IBU) - Cabra Corral,-25.265,-65.329,"[{'id': 107, 'externalStationId': 'CCOR_NIVEL', 'dimension': {'id': 1, 'description': 'nivel', 'preferredUnit': {'id': 2, 'alias': 'm', 'description': 'metro'}}, 'dataOrigin': {'id': 9, 'description': 'AesIbu'}, 'defaultUnit': {'id': 2, 'alias': 'm', 'description': 'metro'}}]"
103,105,AES (IBU) - PB,-25.297,-65.291,"[{'id': 108, 'externalStationId': 'PB_NIVEL', 'dimension': {'id': 1, 'description': 'nivel', 'preferredUnit': {'id': 2, 'alias': 'm', 'description': 'metro'}}, 'dataOrigin': {'id': 9, 'description': 'AesIbu'}, 'defaultUnit': {'id': 2, 'alias': 'm', 'description': 'metro'}}, {'id': 109, 'externalStationId': 'PB_CAUDAL', 'dimension': {'id': 2, 'description': 'caudal', 'preferredUnit': {'id': 5, 'alias': 'm3/sec', 'description': 'm3/sec'}}, 'dataOrigin': {'id': 9, 'description': 'AesIbu'}, 'defaultUnit': {'id': 5, 'alias': 'm3/sec', 'description': 'm3/sec'}}]"
104,106,AES (IBU) - El Tunal,-25.225,-64.48,"[{'id': 110, 'externalStationId': 'TUNA_NIVEL', 'dimension': {'id': 1, 'description': 'nivel', 'preferredUnit': {'id': 2, 'alias': 'm', 'description': 'metro'}}, 'dataOrigin': {'id': 9, 'description': 'AesIbu'}, 'defaultUnit': {'id': 2, 'alias': 'm', 'description': 'metro'}}, {'id': 111, 'externalStationId': 'TUNA_CAUDAL', 'dimension': {'id': 2, 'description': 'caudal', 'preferredUnit': {'id': 5, 'alias': 'm3/sec', 'description': 'm3/sec'}}, 'dataOrigin': {'id': 9, 'description': 'AesIbu'}, 'defaultUnit': {'id': 5, 'alias': 'm3/sec', 'description': 'm3/sec'}}]"
